frame_idx,cam_idx,class_id,class_name,confidence
10,2,2,bumblebee_albacore,0.14110052585601807
20,2,2,bumblebee_albacore,0.11722498387098312
30,2,2,bumblebee_albacore,0.14722244441509247
40,2,2,bumblebee_albacore,0.1404721587896347
50,2,2,bumblebee_albacore,0.11223378032445908
60,2,2,bumblebee_albacore,0.11238497495651245
70,2,2,bumblebee_albacore,0.10577452182769775
80,2,2,bumblebee_albacore,0.13094006478786469
90,2,2,bumblebee_albacore,0.13265936076641083
90,3,54,dove_white,0.5177558660507202
90,4,2,bumblebee_albacore,0.1837916076183319
100,2,2,bumblebee_albacore,0.1129622608423233
110,2,2,bumblebee_albacore,0.1529424786567688
110,3,54,dove_white,0.05773735046386719
120,2,2,bumblebee_albacore,0.07616955786943436
120,3,54,dove_white,0.0955285131931305
130,2,2,bumblebee_albacore,0.09378909319639206
140,2,2,bumblebee_albacore,0.09158923476934433
160,2,2,bumblebee_albacore,0.1301242858171463
160,3,54,dove_white,0.0838722214102745
160,4,2,bumblebee_albacore,0.17973974347114563
170,2,2,bumblebee_albacore,0.08776655793190002
180,2,2,bumblebee_albacore,0.15090668201446533
180,3,54,dove_white,0.05785955488681793
210,2,2,bumblebee_albacore,0.07402267307043076
210,4,53,dove_pink,0.15046299993991852
220,4,53,dove_pink,0.16226810216903687
230,2,2,bumblebee_albacore,0.1323978304862976
230,4,53,dove_pink,0.19606707990169525
230,4,54,dove_white,0.07225796580314636
240,2,2,bumblebee_albacore,0.1693539172410965
240,4,53,dove_pink,0.19128814339637756
250,2,2,bumblebee_albacore,0.0999407172203064
250,4,53,dove_pink,0.16825634241104126
260,2,2,bumblebee_albacore,0.13563427329063416
260,4,53,dove_pink,0.07131540775299072
270,2,2,bumblebee_albacore,0.11618845909833908
270,4,53,dove_pink,0.13034361600875854
280,2,2,bumblebee_albacore,0.14047813415527344
280,4,53,dove_pink,0.1180046945810318
280,4,54,dove_white,0.06863125413656235
290,2,2,bumblebee_albacore,0.1333460807800293
290,4,54,dove_white,0.21250955760478973
290,4,53,dove_pink,0.07786291092634201
290,4,54,dove_white,0.05479065328836441
300,2,2,bumblebee_albacore,0.12481212615966797
300,4,54,dove_white,0.283115953207016
300,4,53,dove_pink,0.19842529296875
300,4,53,dove_pink,0.09274768829345703
310,2,2,bumblebee_albacore,0.1285293996334076
310,4,53,dove_pink,0.11508891731500626
320,2,2,bumblebee_albacore,0.1411435306072235
330,2,2,bumblebee_albacore,0.09630630165338516
350,2,2,bumblebee_albacore,0.14518678188323975
360,2,2,bumblebee_albacore,0.12407224625349045
360,4,53,dove_pink,0.11293749511241913
360,4,54,dove_white,0.09777627140283585
370,4,53,dove_pink,0.11636833101511002
370,4,54,dove_white,0.08766396343708038
390,2,2,bumblebee_albacore,0.10547927767038345
400,2,2,bumblebee_albacore,0.15796594321727753
410,2,2,bumblebee_albacore,0.08970990777015686
420,4,54,dove_white,0.10100262612104416
430,4,54,dove_white,0.143721342086792
430,4,53,dove_pink,0.07126882672309875
440,4,54,dove_white,0.05592117831110954
470,2,2,bumblebee_albacore,0.11163274943828583
480,2,2,bumblebee_albacore,0.10791110247373581
480,4,54,dove_white,0.3281930387020111
490,2,2,bumblebee_albacore,0.09260022640228271
490,4,54,dove_white,0.3044658303260803
490,4,2,bumblebee_albacore,0.05807516351342201
500,2,2,bumblebee_albacore,0.08913511037826538
510,2,2,bumblebee_albacore,0.1261344999074936
520,2,2,bumblebee_albacore,0.08847584575414658
520,4,53,dove_pink,0.11269685626029968
520,4,54,dove_white,0.06481669098138809
530,2,2,bumblebee_albacore,0.10592538863420486
530,4,54,dove_white,0.09408645331859589
530,4,53,dove_pink,0.0939294770359993
540,2,2,bumblebee_albacore,0.09587520360946655
540,4,54,dove_white,0.09616567194461823
550,2,2,bumblebee_albacore,0.079086534678936
560,2,2,bumblebee_albacore,0.06906070560216904
570,2,2,bumblebee_albacore,0.06166722998023033
580,4,2,bumblebee_albacore,0.06293362379074097
590,2,2,bumblebee_albacore,0.10695049166679382
590,4,54,dove_white,0.07199644297361374
590,4,53,dove_pink,0.06536633521318436
600,2,2,bumblebee_albacore,0.06739838421344757
620,2,2,bumblebee_albacore,0.11061658710241318
630,2,2,bumblebee_albacore,0.1346193253993988
630,4,54,dove_white,0.4283309280872345
630,4,2,bumblebee_albacore,0.09524726867675781
640,4,54,dove_white,0.33538612723350525
650,4,54,dove_white,0.24339920282363892
700,4,54,dove_white,0.1873868852853775
710,4,54,dove_white,0.4577467143535614
720,4,54,dove_white,0.6169284582138062
730,4,54,dove_white,0.12660694122314453
740,4,54,dove_white,0.27929338812828064
760,4,54,dove_white,0.3825511932373047
770,4,54,dove_white,0.0967031791806221
920,4,54,dove_white,0.08615677803754807
960,4,54,dove_white,0.08053356409072876
980,4,54,dove_white,0.16113246977329254
990,4,53,dove_pink,0.09070787578821182
990,4,54,dove_white,0.07914059609174728
1010,4,54,dove_white,0.316148579120636
1020,4,53,dove_pink,0.0762699618935585
1030,4,53,dove_pink,0.12158497422933578
1040,4,54,dove_white,0.15403638780117035
1040,4,53,dove_pink,0.12538333237171173
1050,4,54,dove_white,0.13551238179206848
1050,4,53,dove_pink,0.12454972416162491
1060,4,54,dove_white,0.2814078629016876
1070,4,54,dove_white,0.30309125781059265
1070,4,53,dove_pink,0.28251004219055176
1080,4,54,dove_white,0.14126400649547577
1080,4,53,dove_pink,0.10927864164113998
1110,4,54,dove_white,0.12442391365766525
1110,4,53,dove_pink,0.12293212115764618
1120,4,54,dove_white,0.22585970163345337
1120,4,53,dove_pink,0.16681601107120514
1130,4,53,dove_pink,0.0923994928598404
1140,4,54,dove_white,0.11998376995325089
1140,4,53,dove_pink,0.1016799733042717
1150,4,53,dove_pink,0.2881626784801483
1150,4,54,dove_white,0.2541249096393585
1160,4,53,dove_pink,0.22617867588996887
1160,4,54,dove_white,0.2010764330625534
1170,4,53,dove_pink,0.19469663500785828
1200,4,53,dove_pink,0.15584321320056915
1200,4,54,dove_white,0.13122375309467316
1210,4,54,dove_white,0.11980465799570084
1230,4,54,dove_white,0.2959127724170685
1240,4,53,dove_pink,0.19900274276733398
1270,4,53,dove_pink,0.11022491008043289
1480,4,2,bumblebee_albacore,0.05885469540953636
1490,4,2,bumblebee_albacore,0.23740726709365845
1500,4,2,bumblebee_albacore,0.20378020405769348
1510,4,2,bumblebee_albacore,0.5744363069534302
1520,4,2,bumblebee_albacore,0.45236608386039734
1530,4,2,bumblebee_albacore,0.5784745216369629
1540,4,2,bumblebee_albacore,0.5427348017692566
1550,4,2,bumblebee_albacore,0.35512569546699524
1560,4,2,bumblebee_albacore,0.6249109506607056
1570,4,2,bumblebee_albacore,0.5697925686836243
1580,4,2,bumblebee_albacore,0.6445279121398926
1590,4,2,bumblebee_albacore,0.5866420269012451
1590,4,2,bumblebee_albacore,0.10622695833444595
1600,4,2,bumblebee_albacore,0.6302632093429565
1610,4,2,bumblebee_albacore,0.4371931850910187
1620,4,2,bumblebee_albacore,0.5145050883293152
1630,4,2,bumblebee_albacore,0.45231807231903076
1640,4,2,bumblebee_albacore,0.5273558497428894
1650,4,2,bumblebee_albacore,0.5613383650779724
1660,4,2,bumblebee_albacore,0.6690462231636047
1670,4,2,bumblebee_albacore,0.6913810968399048
1680,4,2,bumblebee_albacore,0.5321049690246582
1690,4,2,bumblebee_albacore,0.4845893681049347
1700,4,2,bumblebee_albacore,0.6291471719741821
1710,4,2,bumblebee_albacore,0.6132586002349854
1720,4,2,bumblebee_albacore,0.5087151527404785
1730,4,2,bumblebee_albacore,0.426263689994812
1740,3,2,bumblebee_albacore,0.2360813021659851
1740,4,2,bumblebee_albacore,0.7359246611595154
1740,4,2,bumblebee_albacore,0.3683265447616577
1750,2,2,bumblebee_albacore,0.2117529958486557
1750,3,2,bumblebee_albacore,0.1464797556400299
1750,4,2,bumblebee_albacore,0.6473515033721924
1760,3,2,bumblebee_albacore,0.16481716930866241
1760,4,2,bumblebee_albacore,0.6693071126937866
1770,0,2,bumblebee_albacore,0.10391905903816223
1770,2,2,bumblebee_albacore,0.05925304815173149
1770,3,2,bumblebee_albacore,0.6393433213233948
1770,4,2,bumblebee_albacore,0.9370217323303223
1770,4,2,bumblebee_albacore,0.7909809947013855
1780,0,2,bumblebee_albacore,0.18265670537948608
1780,2,2,bumblebee_albacore,0.10867206007242203
1780,3,2,bumblebee_albacore,0.7505108714103699
1780,4,2,bumblebee_albacore,0.9376827478408813
1780,4,2,bumblebee_albacore,0.7602666020393372
1780,4,2,bumblebee_albacore,0.05152552202343941
1790,0,2,bumblebee_albacore,0.2244514524936676
1790,2,2,bumblebee_albacore,0.08160904794931412
1790,3,2,bumblebee_albacore,0.7470461130142212
1790,4,2,bumblebee_albacore,0.9371398091316223
1790,4,2,bumblebee_albacore,0.6911643147468567
1800,0,2,bumblebee_albacore,0.22341684997081757
1800,2,2,bumblebee_albacore,0.2357925921678543
1800,3,2,bumblebee_albacore,0.7546307444572449
1800,4,2,bumblebee_albacore,0.9371621012687683
1800,4,2,bumblebee_albacore,0.6424154043197632
1810,0,2,bumblebee_albacore,0.2080896943807602
1810,2,2,bumblebee_albacore,0.11413490027189255
1810,3,2,bumblebee_albacore,0.743285596370697
1810,4,2,bumblebee_albacore,0.9386404156684875
1810,4,2,bumblebee_albacore,0.7146502137184143
1820,0,2,bumblebee_albacore,0.14483891427516937
1820,2,2,bumblebee_albacore,0.15133355557918549
1820,3,2,bumblebee_albacore,0.7500172257423401
1820,4,2,bumblebee_albacore,0.939017117023468
1820,4,2,bumblebee_albacore,0.7771933674812317
1830,0,2,bumblebee_albacore,0.2158462405204773
1830,2,2,bumblebee_albacore,0.10687290132045746
1830,3,2,bumblebee_albacore,0.752656877040863
1830,4,2,bumblebee_albacore,0.9387544989585876
1830,4,2,bumblebee_albacore,0.770056426525116
1840,0,2,bumblebee_albacore,0.08684428036212921
1840,2,2,bumblebee_albacore,0.14691773056983948
1840,3,2,bumblebee_albacore,0.6803651452064514
1840,4,2,bumblebee_albacore,0.9413101077079773
1840,4,2,bumblebee_albacore,0.7824223041534424
1850,0,2,bumblebee_albacore,0.06334157288074493
1850,2,2,bumblebee_albacore,0.11802621185779572
1850,2,54,dove_white,0.07789081335067749
1850,3,54,dove_white,0.8670690655708313
1850,3,2,bumblebee_albacore,0.708339512348175
1850,4,2,bumblebee_albacore,0.9264804124832153
1850,4,2,bumblebee_albacore,0.7778657674789429
1860,0,2,bumblebee_albacore,0.1218264251947403
1860,2,2,bumblebee_albacore,0.20664790272712708
1860,3,54,dove_white,0.739814817905426
1860,3,2,bumblebee_albacore,0.6935157179832458
1860,4,2,bumblebee_albacore,0.9327364563941956
1860,4,2,bumblebee_albacore,0.7194448113441467
1870,0,2,bumblebee_albacore,0.21031701564788818
1870,2,54,dove_white,0.6820710301399231
1870,2,2,bumblebee_albacore,0.21841010451316833
1870,3,2,bumblebee_albacore,0.7822132706642151
1870,3,54,dove_white,0.7577504515647888
1870,4,2,bumblebee_albacore,0.9361113905906677
1870,4,2,bumblebee_albacore,0.7690991163253784
1880,0,2,bumblebee_albacore,0.18191538751125336
1880,2,54,dove_white,0.8164824843406677
1880,2,2,bumblebee_albacore,0.27194228768348694
1880,3,2,bumblebee_albacore,0.7948647141456604
1880,3,54,dove_white,0.7562970519065857
1880,3,54,dove_white,0.09018014371395111
1880,4,2,bumblebee_albacore,0.9343301057815552
1880,4,2,bumblebee_albacore,0.7782958745956421
1880,4,2,bumblebee_albacore,0.1081613078713417
1890,0,2,bumblebee_albacore,0.3648757338523865
1890,2,54,dove_white,0.7211705446243286
1890,2,2,bumblebee_albacore,0.20209504663944244
1890,3,54,dove_white,0.7834419012069702
1890,3,2,bumblebee_albacore,0.7703307271003723
1890,3,54,dove_white,0.05248688533902168
1890,4,2,bumblebee_albacore,0.9328399896621704
1890,4,2,bumblebee_albacore,0.6986851096153259
1900,0,2,bumblebee_albacore,0.1420314460992813
1900,2,54,dove_white,0.7426713705062866
1900,2,2,bumblebee_albacore,0.2163485735654831
1900,3,54,dove_white,0.7996473908424377
1900,3,2,bumblebee_albacore,0.7749794721603394
1900,4,2,bumblebee_albacore,0.9371142387390137
1900,4,2,bumblebee_albacore,0.7361745238304138
1910,0,2,bumblebee_albacore,0.24989528954029083
1910,2,54,dove_white,0.7750364542007446
1910,2,2,bumblebee_albacore,0.2592083215713501
1910,3,2,bumblebee_albacore,0.8056643009185791
1910,3,54,dove_white,0.636311948299408
1910,3,54,dove_white,0.15070408582687378
1910,4,2,bumblebee_albacore,0.9338921904563904
1910,4,2,bumblebee_albacore,0.7147888541221619
1920,0,2,bumblebee_albacore,0.2916763424873352
1920,2,54,dove_white,0.6663273572921753
1920,2,2,bumblebee_albacore,0.24933882057666779
1920,3,2,bumblebee_albacore,0.788958728313446
1920,3,54,dove_white,0.7017979025840759
1920,4,2,bumblebee_albacore,0.9337679743766785
1920,4,2,bumblebee_albacore,0.7316315770149231
1930,0,2,bumblebee_albacore,0.25350600481033325
1930,2,54,dove_white,0.6790904402732849
1930,2,2,bumblebee_albacore,0.22181937098503113
1930,3,2,bumblebee_albacore,0.7469679117202759
1930,4,2,bumblebee_albacore,0.9366260766983032
1930,4,2,bumblebee_albacore,0.8379375338554382
1940,0,2,bumblebee_albacore,0.2946631908416748
1940,2,54,dove_white,0.5882208347320557
1940,2,2,bumblebee_albacore,0.16244946420192719
1940,3,2,bumblebee_albacore,0.7575640082359314
1940,3,54,dove_white,0.46478408575057983
1940,3,54,dove_white,0.45754334330558777
1940,4,2,bumblebee_albacore,0.9378592371940613
1940,4,2,bumblebee_albacore,0.7471965551376343
1950,0,2,bumblebee_albacore,0.27338120341300964
1950,2,54,dove_white,0.6375055909156799
1950,2,2,bumblebee_albacore,0.22801142930984497
1950,3,2,bumblebee_albacore,0.7714179158210754
1950,3,54,dove_white,0.5407128930091858
1950,3,54,dove_white,0.06318643689155579
1950,4,2,bumblebee_albacore,0.937495231628418
1950,4,2,bumblebee_albacore,0.7483797073364258
1960,0,2,bumblebee_albacore,0.13965953886508942
1960,2,54,dove_white,0.7402419447898865
1960,2,2,bumblebee_albacore,0.2942781150341034
1960,3,54,dove_white,0.8157706260681152
1960,3,2,bumblebee_albacore,0.8071184754371643
1960,4,2,bumblebee_albacore,0.9370638728141785
1960,4,2,bumblebee_albacore,0.7623705267906189
1970,0,2,bumblebee_albacore,0.2425323873758316
1970,2,54,dove_white,0.7523401975631714
1970,2,2,bumblebee_albacore,0.2717260420322418
1970,3,54,dove_white,0.82616126537323
1970,3,2,bumblebee_albacore,0.806618332862854
1970,4,2,bumblebee_albacore,0.9361210465431213
1970,4,2,bumblebee_albacore,0.7440646290779114
1980,0,2,bumblebee_albacore,0.2709557116031647
1980,2,54,dove_white,0.7688523530960083
1980,2,2,bumblebee_albacore,0.27162089943885803
1980,3,54,dove_white,0.868066668510437
1980,3,2,bumblebee_albacore,0.826106071472168
1980,4,2,bumblebee_albacore,0.933870255947113
1980,4,2,bumblebee_albacore,0.8046240210533142
1990,0,2,bumblebee_albacore,0.259173184633255
1990,2,54,dove_white,0.6261069178581238
1990,2,2,bumblebee_albacore,0.21586859226226807
1990,3,54,dove_white,0.8476657867431641
1990,3,2,bumblebee_albacore,0.8087742328643799
1990,4,2,bumblebee_albacore,0.9405453205108643
1990,4,2,bumblebee_albacore,0.8063855171203613
2000,0,2,bumblebee_albacore,0.18269985914230347
2000,2,54,dove_white,0.7642699480056763
2000,2,2,bumblebee_albacore,0.3213135302066803
2000,3,2,bumblebee_albacore,0.7950336933135986
2000,3,54,dove_white,0.7802603840827942
2000,4,2,bumblebee_albacore,0.9386865496635437
2000,4,2,bumblebee_albacore,0.7706753611564636
2010,0,2,bumblebee_albacore,0.15267887711524963
2010,2,54,dove_white,0.6734604835510254
2010,2,2,bumblebee_albacore,0.14090953767299652
2010,3,2,bumblebee_albacore,0.767141580581665
2010,3,54,dove_white,0.6961304545402527
2010,3,54,dove_white,0.08624689280986786
2010,4,2,bumblebee_albacore,0.93914395570755
2010,4,2,bumblebee_albacore,0.7511049509048462
2020,0,2,bumblebee_albacore,0.18727000057697296
2020,2,54,dove_white,0.6577944159507751
2020,2,2,bumblebee_albacore,0.27442505955696106
2020,3,54,dove_white,0.750616192817688
2020,3,2,bumblebee_albacore,0.736293613910675
2020,4,2,bumblebee_albacore,0.9350064396858215
2020,4,2,bumblebee_albacore,0.7688238620758057
2030,0,2,bumblebee_albacore,0.18343058228492737
2030,2,54,dove_white,0.6712417006492615
2030,2,2,bumblebee_albacore,0.23250743746757507
2030,3,2,bumblebee_albacore,0.8041826486587524
2030,3,54,dove_white,0.6797399520874023
2030,3,54,dove_white,0.21496686339378357
2030,4,2,bumblebee_albacore,0.9376434087753296
2030,4,2,bumblebee_albacore,0.6509147882461548
2040,0,2,bumblebee_albacore,0.24128860235214233
2040,2,54,dove_white,0.7371922135353088
2040,2,2,bumblebee_albacore,0.24282397329807281
2040,3,2,bumblebee_albacore,0.7843543887138367
2040,3,54,dove_white,0.6562343835830688
2040,3,54,dove_white,0.08896765112876892
2040,4,2,bumblebee_albacore,0.935928463935852
2040,4,2,bumblebee_albacore,0.7294831871986389
2050,0,2,bumblebee_albacore,0.22962750494480133
2050,2,54,dove_white,0.8116427063941956
2050,2,2,bumblebee_albacore,0.312462717294693
2050,3,2,bumblebee_albacore,0.7583614587783813
2050,3,54,dove_white,0.693064272403717
2050,3,54,dove_white,0.16039061546325684
2050,4,2,bumblebee_albacore,0.938200831413269
2050,4,2,bumblebee_albacore,0.7766817212104797
2060,0,2,bumblebee_albacore,0.17262451350688934
2060,2,54,dove_white,0.7613703608512878
2060,2,2,bumblebee_albacore,0.20874281227588654
2060,3,54,dove_white,0.8555005192756653
2060,3,2,bumblebee_albacore,0.7879374623298645
2060,4,2,bumblebee_albacore,0.93491131067276
2060,4,2,bumblebee_albacore,0.7479943633079529
2070,0,2,bumblebee_albacore,0.21658997237682343
2070,2,54,dove_white,0.8027976751327515
2070,2,2,bumblebee_albacore,0.23462386429309845
2070,3,54,dove_white,0.7897003889083862
2070,3,2,bumblebee_albacore,0.7779282927513123
2070,3,54,dove_white,0.06036406010389328
2070,4,2,bumblebee_albacore,0.9359163045883179
2070,4,2,bumblebee_albacore,0.7794377207756042
2080,0,2,bumblebee_albacore,0.24289068579673767
2080,2,54,dove_white,0.7945848703384399
2080,2,2,bumblebee_albacore,0.2816726863384247
2080,3,54,dove_white,0.8066835999488831
2080,3,2,bumblebee_albacore,0.7589347958564758
2080,4,2,bumblebee_albacore,0.9343600273132324
2080,4,2,bumblebee_albacore,0.7304253578186035
2090,0,2,bumblebee_albacore,0.20825304090976715
2090,2,54,dove_white,0.7997231483459473
2090,2,2,bumblebee_albacore,0.21656964719295502
2090,3,54,dove_white,0.8195530772209167
2090,3,2,bumblebee_albacore,0.7766811847686768
2090,3,54,dove_white,0.05265108495950699
2090,4,2,bumblebee_albacore,0.9320691823959351
2090,4,2,bumblebee_albacore,0.7953858971595764
2100,0,2,bumblebee_albacore,0.17410485446453094
2100,2,54,dove_white,0.7718011736869812
2100,2,2,bumblebee_albacore,0.25860831141471863
2100,3,2,bumblebee_albacore,0.8085006475448608
2100,3,54,dove_white,0.7234122157096863
2100,4,2,bumblebee_albacore,0.9333457350730896
2100,4,2,bumblebee_albacore,0.7264981865882874
2110,0,2,bumblebee_albacore,0.13616681098937988
2110,2,54,dove_white,0.7485511898994446
2110,2,2,bumblebee_albacore,0.28682637214660645
2110,3,2,bumblebee_albacore,0.8043986558914185
2110,3,54,dove_white,0.8012747764587402
2110,3,54,dove_white,0.08291469514369965
2110,4,2,bumblebee_albacore,0.936256468296051
2110,4,2,bumblebee_albacore,0.8041926622390747
2120,0,2,bumblebee_albacore,0.19773708283901215
2120,2,54,dove_white,0.5741934180259705
2120,2,2,bumblebee_albacore,0.26334935426712036
2120,2,53,dove_pink,0.11615543067455292
2120,3,54,dove_white,0.805732786655426
2120,3,2,bumblebee_albacore,0.7787150740623474
2120,4,2,bumblebee_albacore,0.9363900423049927
2120,4,2,bumblebee_albacore,0.7766947150230408
2130,0,2,bumblebee_albacore,0.2639501094818115
2130,2,53,dove_pink,0.7514283061027527
2130,2,54,dove_white,0.7081384658813477
2130,2,2,bumblebee_albacore,0.23686787486076355
2130,3,2,bumblebee_albacore,0.8037115335464478
2130,3,54,dove_white,0.7936883568763733
2130,3,54,dove_white,0.05531022325158119
2130,4,2,bumblebee_albacore,0.9366466403007507
2130,4,2,bumblebee_albacore,0.7998901605606079
2140,0,2,bumblebee_albacore,0.1608894318342209
2140,1,53,dove_pink,0.457955539226532
2140,2,53,dove_pink,0.9093311429023743
2140,2,54,dove_white,0.8175955414772034
2140,2,2,bumblebee_albacore,0.2631646394729614
2140,3,54,dove_white,0.8056579232215881
2140,3,2,bumblebee_albacore,0.7936736345291138
2140,4,2,bumblebee_albacore,0.9358236193656921
2140,4,2,bumblebee_albacore,0.7178175449371338
2150,0,2,bumblebee_albacore,0.18714942038059235
2150,1,53,dove_pink,0.3883555233478546
2150,2,53,dove_pink,0.8361644744873047
2150,2,54,dove_white,0.8181523084640503
2150,2,2,bumblebee_albacore,0.3216779828071594
2150,2,53,dove_pink,0.17970789968967438
2150,3,54,dove_white,0.8043627142906189
2150,3,2,bumblebee_albacore,0.7684840559959412
2150,3,54,dove_white,0.06774841994047165
2150,4,2,bumblebee_albacore,0.9349928498268127
2150,4,2,bumblebee_albacore,0.6744328737258911
2160,0,2,bumblebee_albacore,0.2488754689693451
2160,2,53,dove_pink,0.7975448966026306
2160,2,54,dove_white,0.6853102445602417
2160,2,2,bumblebee_albacore,0.20211125910282135
2160,3,2,bumblebee_albacore,0.8061540126800537
2160,3,54,dove_white,0.7693864703178406
2160,3,54,dove_white,0.0727292075753212
2160,4,2,bumblebee_albacore,0.9355398416519165
2160,4,2,bumblebee_albacore,0.7368285059928894
2170,0,2,bumblebee_albacore,0.17326703667640686
2170,1,53,dove_pink,0.6982038021087646
2170,2,53,dove_pink,0.8138079047203064
2170,2,54,dove_white,0.6632482409477234
2170,2,2,bumblebee_albacore,0.278216153383255
2170,3,2,bumblebee_albacore,0.7936621308326721
2170,3,54,dove_white,0.7708274126052856
2170,3,54,dove_white,0.059654559940099716
2170,3,54,dove_white,0.05044293776154518
2170,4,2,bumblebee_albacore,0.9375599026679993
2170,4,2,bumblebee_albacore,0.8041324615478516
2180,0,2,bumblebee_albacore,0.23484107851982117
2180,1,53,dove_pink,0.6064967513084412
2180,2,53,dove_pink,0.8259677290916443
2180,2,54,dove_white,0.606026828289032
2180,2,2,bumblebee_albacore,0.36138439178466797
2180,3,2,bumblebee_albacore,0.7979856133460999
2180,3,54,dove_white,0.7922003865242004
2180,3,54,dove_white,0.26860859990119934
2180,4,2,bumblebee_albacore,0.9377637505531311
2180,4,2,bumblebee_albacore,0.7771760821342468
2180,4,53,dove_pink,0.07922745496034622
2190,0,2,bumblebee_albacore,0.20781852304935455
2190,1,53,dove_pink,0.771527886390686
2190,2,53,dove_pink,0.8329088091850281
2190,2,54,dove_white,0.3781197965145111
2190,2,2,bumblebee_albacore,0.33934956789016724
2190,3,54,dove_white,0.8097223043441772
2190,3,2,bumblebee_albacore,0.7914103865623474
2190,4,2,bumblebee_albacore,0.9392909407615662
2190,4,2,bumblebee_albacore,0.7537310123443604
2190,4,53,dove_pink,0.12657250463962555
2200,0,2,bumblebee_albacore,0.24607431888580322
2200,1,53,dove_pink,0.6311492919921875
2200,2,53,dove_pink,0.815056324005127
2200,2,54,dove_white,0.7070825695991516
2200,2,2,bumblebee_albacore,0.234910786151886
2200,3,54,dove_white,0.8589029908180237
2200,3,2,bumblebee_albacore,0.8001415133476257
2200,4,2,bumblebee_albacore,0.9354996085166931
2200,4,2,bumblebee_albacore,0.7319867610931396
2200,4,54,dove_white,0.31245872378349304
2200,4,53,dove_pink,0.20141801238059998
2200,4,53,dove_pink,0.07511730492115021
2210,0,2,bumblebee_albacore,0.3537275195121765
2210,1,53,dove_pink,0.6188337206840515
2210,2,53,dove_pink,0.7937622666358948
2210,2,54,dove_white,0.6553463935852051
2210,2,2,bumblebee_albacore,0.2660481035709381
2210,3,54,dove_white,0.8298731446266174
2210,3,2,bumblebee_albacore,0.8149126172065735
2210,4,2,bumblebee_albacore,0.934995710849762
2210,4,2,bumblebee_albacore,0.7164446711540222
2210,4,53,dove_pink,0.31017205119132996
2220,0,2,bumblebee_albacore,0.20243136584758759
2220,1,53,dove_pink,0.630332887172699
2220,2,53,dove_pink,0.8537260890007019
2220,2,54,dove_white,0.652562141418457
2220,2,2,bumblebee_albacore,0.17070336639881134
2220,3,54,dove_white,0.8201804161071777
2220,3,2,bumblebee_albacore,0.7974187731742859
2220,4,2,bumblebee_albacore,0.9338501691818237
2220,4,2,bumblebee_albacore,0.701728105545044
2230,0,2,bumblebee_albacore,0.18514302372932434
2230,1,53,dove_pink,0.842531144618988
2230,2,53,dove_pink,0.7046613693237305
2230,2,54,dove_white,0.604139506816864
2230,2,2,bumblebee_albacore,0.16941575706005096
2230,3,54,dove_white,0.8338545560836792
2230,3,2,bumblebee_albacore,0.7964450120925903
2230,4,2,bumblebee_albacore,0.9355043172836304
2230,4,2,bumblebee_albacore,0.7608565092086792
2230,4,53,dove_pink,0.11413125693798065
2240,0,2,bumblebee_albacore,0.1927066296339035
2240,1,53,dove_pink,0.7255643606185913
2240,2,53,dove_pink,0.7461543083190918
2240,2,54,dove_white,0.6722139120101929
2240,2,2,bumblebee_albacore,0.13122446835041046
2240,3,54,dove_white,0.8148918151855469
2240,3,2,bumblebee_albacore,0.7992352843284607
2240,3,54,dove_white,0.05385062098503113
2240,4,2,bumblebee_albacore,0.9331020712852478
2240,4,2,bumblebee_albacore,0.753342866897583
2240,4,53,dove_pink,0.1806214600801468
2240,4,54,dove_white,0.07190175354480743
2250,0,2,bumblebee_albacore,0.21548470854759216
2250,1,53,dove_pink,0.7547085881233215
2250,2,54,dove_white,0.5667206645011902
2250,2,53,dove_pink,0.3303587734699249
2250,2,2,bumblebee_albacore,0.18966445326805115
2250,3,2,bumblebee_albacore,0.8067910075187683
2250,3,54,dove_white,0.7897853851318359
2250,4,2,bumblebee_albacore,0.9355498552322388
2250,4,2,bumblebee_albacore,0.7786223292350769
2250,4,53,dove_pink,0.2111044079065323
2250,4,54,dove_white,0.07988809049129486
2260,0,2,bumblebee_albacore,0.14170460402965546
2260,1,53,dove_pink,0.49114567041397095
2260,2,54,dove_white,0.7692850232124329
2260,2,53,dove_pink,0.566008985042572
2260,2,2,bumblebee_albacore,0.22065278887748718
2260,2,53,dove_pink,0.05335266515612602
2260,2,53,dove_pink,0.052335452288389206
2260,3,2,bumblebee_albacore,0.7859720587730408
2260,3,54,dove_white,0.7430249452590942
2260,3,54,dove_white,0.1030297800898552
2260,4,2,bumblebee_albacore,0.9370129108428955
2260,4,2,bumblebee_albacore,0.7769982814788818
2260,4,53,dove_pink,0.18671029806137085
2270,0,2,bumblebee_albacore,0.18387772142887115
2270,1,53,dove_pink,0.7452197670936584
2270,2,54,dove_white,0.7341578602790833
2270,2,53,dove_pink,0.6819630861282349
2270,2,2,bumblebee_albacore,0.33014875650405884
2270,2,53,dove_pink,0.1660947948694229
2270,3,2,bumblebee_albacore,0.805017352104187
2270,3,54,dove_white,0.795810878276825
2270,3,54,dove_white,0.19041474163532257
2270,3,54,dove_white,0.06287955492734909
2270,4,2,bumblebee_albacore,0.9382880330085754
2270,4,2,bumblebee_albacore,0.757594108581543
2280,0,2,bumblebee_albacore,0.27579599618911743
2280,1,53,dove_pink,0.5986623764038086
2280,2,54,dove_white,0.7795788645744324
2280,2,53,dove_pink,0.6845471262931824
2280,2,53,dove_pink,0.2224452942609787
2280,2,2,bumblebee_albacore,0.1794125884771347
2280,3,54,dove_white,0.8159005045890808
2280,3,2,bumblebee_albacore,0.801246166229248
2280,3,54,dove_white,0.05138976126909256
2280,4,2,bumblebee_albacore,0.9340123534202576
2280,4,2,bumblebee_albacore,0.725389301776886
2280,4,53,dove_pink,0.13484996557235718
2290,0,2,bumblebee_albacore,0.19104020297527313
2290,1,53,dove_pink,0.5323125123977661
2290,2,54,dove_white,0.7018138766288757
2290,2,53,dove_pink,0.5175177454948425
2290,2,2,bumblebee_albacore,0.1983911246061325
2290,3,2,bumblebee_albacore,0.7888281345367432
2290,3,54,dove_white,0.7192733883857727
2290,3,54,dove_white,0.12240434437990189
2290,4,2,bumblebee_albacore,0.9380232691764832
2290,4,2,bumblebee_albacore,0.7578192949295044
2290,4,53,dove_pink,0.274796724319458
2300,0,2,bumblebee_albacore,0.10585493594408035
2300,1,53,dove_pink,0.3527357876300812
2300,2,54,dove_white,0.7524392008781433
2300,2,53,dove_pink,0.4524667263031006
2300,2,53,dove_pink,0.40253084897994995
2300,2,2,bumblebee_albacore,0.1367647796869278
2300,3,2,bumblebee_albacore,0.7794494032859802
2300,3,54,dove_white,0.7543437480926514
2300,4,2,bumblebee_albacore,0.9343386292457581
2300,4,2,bumblebee_albacore,0.7357453107833862
2300,4,53,dove_pink,0.07557771354913712
2310,0,2,bumblebee_albacore,0.2270481437444687
2310,1,53,dove_pink,0.3590202331542969
2310,2,53,dove_pink,0.7402786016464233
2310,2,54,dove_white,0.5364057421684265
2310,2,2,bumblebee_albacore,0.13230210542678833
2310,3,2,bumblebee_albacore,0.8251334428787231
2310,3,54,dove_white,0.7637765407562256
2310,4,2,bumblebee_albacore,0.9356120228767395
2310,4,2,bumblebee_albacore,0.7583413124084473
2310,4,53,dove_pink,0.2385692298412323
2320,0,2,bumblebee_albacore,0.08519207686185837
2320,1,53,dove_pink,0.2845117151737213
2320,2,54,dove_white,0.6987167596817017
2320,2,53,dove_pink,0.5804970860481262
2320,2,53,dove_pink,0.31683483719825745
2320,2,2,bumblebee_albacore,0.15001919865608215
2320,3,2,bumblebee_albacore,0.799767792224884
2320,3,54,dove_white,0.6443650722503662
2320,4,2,bumblebee_albacore,0.9367775321006775
2320,4,2,bumblebee_albacore,0.7694515585899353
2320,4,53,dove_pink,0.2814631462097168
2330,0,2,bumblebee_albacore,0.3250700831413269
2330,1,53,dove_pink,0.4094736576080322
2330,2,54,dove_white,0.6717146635055542
2330,2,53,dove_pink,0.4844122529029846
2330,2,53,dove_pink,0.433010458946228
2330,2,53,dove_pink,0.4042281210422516
2330,2,2,bumblebee_albacore,0.19568023085594177
2330,3,2,bumblebee_albacore,0.793311595916748
2330,3,54,dove_white,0.7456231117248535
2330,3,54,dove_white,0.28448328375816345
2330,4,2,bumblebee_albacore,0.9388080835342407
2330,4,2,bumblebee_albacore,0.7529061436653137
2330,4,53,dove_pink,0.19081488251686096
2340,0,2,bumblebee_albacore,0.22850055992603302
2340,1,53,dove_pink,0.4178730547428131
2340,2,53,dove_pink,0.7617548704147339
2340,2,54,dove_white,0.7579125165939331
2340,2,53,dove_pink,0.28319111466407776
2340,2,2,bumblebee_albacore,0.19006407260894775
2340,3,2,bumblebee_albacore,0.822264552116394
2340,3,54,dove_white,0.6970387101173401
2340,3,54,dove_white,0.34854570031166077
2340,4,2,bumblebee_albacore,0.9331300258636475
2340,4,2,bumblebee_albacore,0.6711518168449402
2340,4,53,dove_pink,0.14887063205242157
2350,0,2,bumblebee_albacore,0.13417966663837433
2350,1,53,dove_pink,0.6116722822189331
2350,2,54,dove_white,0.8624316453933716
2350,2,53,dove_pink,0.7198984622955322
2350,2,2,bumblebee_albacore,0.3522323966026306
2350,2,53,dove_pink,0.24087534844875336
2350,3,2,bumblebee_albacore,0.8147799372673035
2350,3,54,dove_white,0.7718762755393982
2350,3,54,dove_white,0.18689823150634766
2350,4,2,bumblebee_albacore,0.9367490410804749
2350,4,2,bumblebee_albacore,0.7508665323257446
2350,4,53,dove_pink,0.2260267585515976
2350,4,53,dove_pink,0.08946099877357483
2350,4,54,dove_white,0.05560111999511719
2360,0,2,bumblebee_albacore,0.22803613543510437
2360,1,53,dove_pink,0.5092214941978455
2360,2,54,dove_white,0.7942461967468262
2360,2,53,dove_pink,0.31383034586906433
2360,2,53,dove_pink,0.1997600793838501
2360,2,2,bumblebee_albacore,0.18279077112674713
2360,3,54,dove_white,0.8059961199760437
2360,3,2,bumblebee_albacore,0.765496551990509
2360,3,54,dove_white,0.2937505543231964
2360,4,2,bumblebee_albacore,0.9378958940505981
2360,4,2,bumblebee_albacore,0.7761708498001099
2360,4,53,dove_pink,0.1548294872045517
2370,0,2,bumblebee_albacore,0.1890183389186859
2370,1,53,dove_pink,0.4034497141838074
2370,2,54,dove_white,0.701323926448822
2370,2,53,dove_pink,0.35068294405937195
2370,2,2,bumblebee_albacore,0.24232318997383118
2370,2,53,dove_pink,0.1373009979724884
2370,2,53,dove_pink,0.13131539523601532
2370,3,54,dove_white,0.8284018635749817
2370,3,2,bumblebee_albacore,0.7817237377166748
2370,3,54,dove_white,0.2652048170566559
2370,4,2,bumblebee_albacore,0.9370734691619873
2370,4,2,bumblebee_albacore,0.7353885769844055
2370,4,53,dove_pink,0.06127294898033142
2380,0,2,bumblebee_albacore,0.30609482526779175
2380,1,53,dove_pink,0.19378484785556793
2380,2,54,dove_white,0.7555332183837891
2380,2,53,dove_pink,0.524707555770874
2380,2,2,bumblebee_albacore,0.18352212011814117
2380,2,53,dove_pink,0.06680575013160706
2380,3,2,bumblebee_albacore,0.8109093308448792
2380,3,54,dove_white,0.7534534335136414
2380,3,54,dove_white,0.28371068835258484
2380,3,53,dove_pink,0.07452324777841568
2380,4,2,bumblebee_albacore,0.9384657144546509
2380,4,2,bumblebee_albacore,0.8080829977989197
2380,4,53,dove_pink,0.20643892884254456
2390,0,2,bumblebee_albacore,0.31140759587287903
2390,1,53,dove_pink,0.5915902853012085
2390,2,54,dove_white,0.787351131439209
2390,2,53,dove_pink,0.7404861450195312
2390,2,2,bumblebee_albacore,0.2595645785331726
2390,2,53,dove_pink,0.24413999915122986
2390,3,54,dove_white,0.8461461663246155
2390,3,2,bumblebee_albacore,0.8251998424530029
2390,3,54,dove_white,0.17449752986431122
2390,4,2,bumblebee_albacore,0.9393709897994995
2390,4,2,bumblebee_albacore,0.7275954484939575
2390,4,53,dove_pink,0.18612955510616302
2400,0,2,bumblebee_albacore,0.24242974817752838
2400,1,53,dove_pink,0.5099804401397705
2400,2,53,dove_pink,0.7812207341194153
2400,2,54,dove_white,0.718421459197998
2400,2,2,bumblebee_albacore,0.2196529507637024
2400,3,54,dove_white,0.8424800038337708
2400,3,2,bumblebee_albacore,0.8239768147468567
2400,3,54,dove_white,0.15881191194057465
2400,3,53,dove_pink,0.08641550689935684
2400,4,2,bumblebee_albacore,0.937221348285675
2400,4,2,bumblebee_albacore,0.7947573065757751
2400,4,53,dove_pink,0.10692111402750015
2410,0,2,bumblebee_albacore,0.21446868777275085
2410,1,53,dove_pink,0.5110517144203186
2410,2,54,dove_white,0.7737260460853577
2410,2,53,dove_pink,0.34650370478630066
2410,2,53,dove_pink,0.3029772937297821
2410,2,2,bumblebee_albacore,0.26686882972717285
2410,2,53,dove_pink,0.07261475175619125
2410,3,54,dove_white,0.8560832738876343
2410,3,2,bumblebee_albacore,0.8157340884208679
2410,3,54,dove_white,0.21494080126285553
2410,4,2,bumblebee_albacore,0.9362239241600037
2410,4,2,bumblebee_albacore,0.8112059831619263
2410,4,53,dove_pink,0.18987296521663666
2420,0,2,bumblebee_albacore,0.11607988178730011
2420,1,53,dove_pink,0.47361454367637634
2420,2,54,dove_white,0.8185855746269226
2420,2,53,dove_pink,0.6361297369003296
2420,2,53,dove_pink,0.3550356328487396
2420,2,2,bumblebee_albacore,0.26819315552711487
2420,2,53,dove_pink,0.07039715349674225
2420,3,54,dove_white,0.8396304845809937
2420,3,2,bumblebee_albacore,0.8053109645843506
2420,3,54,dove_white,0.1863035261631012
2420,3,53,dove_pink,0.057118695229291916
2420,4,2,bumblebee_albacore,0.9373996257781982
2420,4,2,bumblebee_albacore,0.7885426878929138
2420,4,53,dove_pink,0.12544487416744232
2430,0,2,bumblebee_albacore,0.2104673832654953
2430,1,53,dove_pink,0.48244476318359375
2430,2,54,dove_white,0.8127419948577881
2430,2,53,dove_pink,0.5434441566467285
2430,2,2,bumblebee_albacore,0.26982593536376953
2430,2,53,dove_pink,0.1051308885216713
2430,3,54,dove_white,0.8206700086593628
2430,3,2,bumblebee_albacore,0.8059517741203308
2430,3,54,dove_white,0.17267145216464996
2430,4,2,bumblebee_albacore,0.939675509929657
2430,4,2,bumblebee_albacore,0.7547964453697205
2430,4,53,dove_pink,0.17850230634212494
2440,0,2,bumblebee_albacore,0.1262540966272354
2440,1,53,dove_pink,0.3977530002593994
2440,2,54,dove_white,0.8025737404823303
2440,2,53,dove_pink,0.7305004596710205
2440,2,2,bumblebee_albacore,0.32097089290618896
2440,2,53,dove_pink,0.0779150128364563
2440,3,54,dove_white,0.8468624353408813
2440,3,2,bumblebee_albacore,0.7974079847335815
2440,3,54,dove_white,0.10711288452148438
2440,4,2,bumblebee_albacore,0.9331486225128174
2440,4,2,bumblebee_albacore,0.7411894798278809
2440,4,53,dove_pink,0.17011868953704834
2450,0,2,bumblebee_albacore,0.24195627868175507
2450,1,53,dove_pink,0.31858500838279724
2450,2,54,dove_white,0.8269489407539368
2450,2,53,dove_pink,0.6628371477127075
2450,2,2,bumblebee_albacore,0.29638323187828064
2450,2,53,dove_pink,0.15285135805606842
2450,2,53,dove_pink,0.051371749490499496
2450,3,2,bumblebee_albacore,0.7980167269706726
2450,3,54,dove_white,0.7141503691673279
2450,3,54,dove_white,0.2541997730731964
2450,4,2,bumblebee_albacore,0.9364804625511169
2450,4,2,bumblebee_albacore,0.7429803609848022
2450,4,53,dove_pink,0.1956292986869812
2460,0,2,bumblebee_albacore,0.15611453354358673
2460,1,53,dove_pink,0.5160924196243286
2460,2,54,dove_white,0.8132827281951904
2460,2,53,dove_pink,0.6220282912254333
2460,2,2,bumblebee_albacore,0.2282145917415619
2460,3,54,dove_white,0.8284194469451904
2460,3,2,bumblebee_albacore,0.8108981251716614
2460,3,54,dove_white,0.2423841655254364
2460,4,2,bumblebee_albacore,0.937431812286377
2460,4,2,bumblebee_albacore,0.6916205286979675
2460,4,53,dove_pink,0.2375960648059845
2470,0,2,bumblebee_albacore,0.25328513979911804
2470,1,53,dove_pink,0.6168195009231567
2470,2,54,dove_white,0.6811515688896179
2470,2,53,dove_pink,0.5728837251663208
2470,2,2,bumblebee_albacore,0.25701674818992615
2470,2,53,dove_pink,0.1747736632823944
2470,3,54,dove_white,0.8241993188858032
2470,3,2,bumblebee_albacore,0.8189494013786316
2470,3,54,dove_white,0.22614353895187378
2470,4,2,bumblebee_albacore,0.9397988319396973
2470,4,2,bumblebee_albacore,0.8135330080986023
2470,4,53,dove_pink,0.2773694396018982
2480,0,2,bumblebee_albacore,0.07848921418190002
2480,1,53,dove_pink,0.44621798396110535
2480,2,53,dove_pink,0.5378173589706421
2480,2,53,dove_pink,0.338390588760376
2480,2,2,bumblebee_albacore,0.18150174617767334
2480,2,53,dove_pink,0.1648261547088623
2480,2,54,dove_white,0.1441427767276764
2480,2,54,dove_white,0.055737096816301346
2480,3,54,dove_white,0.885159969329834
2480,3,2,bumblebee_albacore,0.7869847416877747
2480,4,2,bumblebee_albacore,0.932648241519928
2480,4,2,bumblebee_albacore,0.7369484901428223
2480,4,53,dove_pink,0.1803891658782959
2490,0,2,bumblebee_albacore,0.13712389767169952
2490,1,53,dove_pink,0.5430182814598083
2490,2,53,dove_pink,0.5814749002456665
2490,2,53,dove_pink,0.10462488979101181
2490,3,54,dove_white,0.8997344970703125
2490,3,2,bumblebee_albacore,0.7992860078811646
2490,3,54,dove_white,0.07946062088012695
2490,4,2,bumblebee_albacore,0.9399049878120422
2490,4,2,bumblebee_albacore,0.7616358995437622
2500,0,2,bumblebee_albacore,0.2713607847690582
2500,1,53,dove_pink,0.47973787784576416
2500,2,53,dove_pink,0.7947424054145813
2500,2,53,dove_pink,0.12256454676389694
2500,2,2,bumblebee_albacore,0.07785633206367493
2500,3,54,dove_white,0.8615026473999023
2500,3,2,bumblebee_albacore,0.8177660703659058
2500,4,2,bumblebee_albacore,0.9355123043060303
2500,4,2,bumblebee_albacore,0.7513508796691895
2500,4,53,dove_pink,0.2395162433385849
2510,0,2,bumblebee_albacore,0.15408353507518768
2510,1,53,dove_pink,0.5042353868484497
2510,2,53,dove_pink,0.5785839557647705
2510,2,2,bumblebee_albacore,0.14134731888771057
2510,2,53,dove_pink,0.0692492425441742
2510,3,54,dove_white,0.8633670806884766
2510,3,2,bumblebee_albacore,0.8053223490715027
2510,4,2,bumblebee_albacore,0.9317290186882019
2510,4,2,bumblebee_albacore,0.6974837779998779
2510,4,53,dove_pink,0.22115695476531982
2520,0,2,bumblebee_albacore,0.15221726894378662
2520,1,53,dove_pink,0.4795869290828705
2520,1,53,dove_pink,0.05923287197947502
2520,2,53,dove_pink,0.8007447123527527
2520,2,53,dove_pink,0.2920808494091034
2520,2,2,bumblebee_albacore,0.11908138543367386
2520,3,54,dove_white,0.8599862456321716
2520,3,2,bumblebee_albacore,0.8203715085983276
2520,4,2,bumblebee_albacore,0.9356219172477722
2520,4,2,bumblebee_albacore,0.7931469082832336
2520,4,53,dove_pink,0.10632600635290146
2530,0,2,bumblebee_albacore,0.16336685419082642
2530,1,53,dove_pink,0.5522328615188599
2530,2,53,dove_pink,0.7858415246009827
2530,2,2,bumblebee_albacore,0.060800764709711075
2530,3,54,dove_white,0.8754661083221436
2530,3,2,bumblebee_albacore,0.829005777835846
2530,4,2,bumblebee_albacore,0.9336705803871155
2530,4,2,bumblebee_albacore,0.7912489771842957
2530,4,53,dove_pink,0.11093083769083023
2540,0,2,bumblebee_albacore,0.2255319058895111
2540,1,53,dove_pink,0.4571126103401184
2540,2,53,dove_pink,0.44528186321258545
2540,2,53,dove_pink,0.21088679134845734
2540,2,53,dove_pink,0.07996785640716553
2540,3,54,dove_white,0.8669862151145935
2540,3,2,bumblebee_albacore,0.8273584246635437
2540,4,2,bumblebee_albacore,0.9383226633071899
2540,4,2,bumblebee_albacore,0.7753766179084778
2540,4,53,dove_pink,0.19577813148498535
2550,0,2,bumblebee_albacore,0.15895786881446838
2550,2,53,dove_pink,0.26572930812835693
2550,2,2,bumblebee_albacore,0.09655638784170151
2550,3,54,dove_white,0.8339329957962036
2550,3,2,bumblebee_albacore,0.8293693661689758
2550,3,53,dove_pink,0.07949534058570862
2550,4,2,bumblebee_albacore,0.9394654035568237
2550,4,2,bumblebee_albacore,0.7734399437904358
2550,4,53,dove_pink,0.30784788727760315
2560,0,2,bumblebee_albacore,0.21604184806346893
2560,1,53,dove_pink,0.08610773831605911
2560,2,53,dove_pink,0.5437958240509033
2560,2,2,bumblebee_albacore,0.09483933448791504
2560,3,2,bumblebee_albacore,0.7448734641075134
2560,3,54,dove_white,0.34168604016304016
2560,4,2,bumblebee_albacore,0.9384839534759521
2560,4,2,bumblebee_albacore,0.7428688406944275
2560,4,53,dove_pink,0.39127838611602783
2570,0,2,bumblebee_albacore,0.16036127507686615
2570,1,53,dove_pink,0.18822000920772552
2570,2,53,dove_pink,0.6632489562034607
2570,2,53,dove_pink,0.2125263661146164
2570,3,2,bumblebee_albacore,0.808710515499115
2570,3,54,dove_white,0.7854106426239014
2570,4,2,bumblebee_albacore,0.9343122243881226
2570,4,2,bumblebee_albacore,0.7414851188659668
2570,4,53,dove_pink,0.2008131593465805
2580,0,2,bumblebee_albacore,0.16546110808849335
2580,1,53,dove_pink,0.2734595537185669
2580,2,53,dove_pink,0.49237221479415894
2580,2,53,dove_pink,0.31715959310531616
2580,2,53,dove_pink,0.21188920736312866
2580,2,2,bumblebee_albacore,0.062014274299144745
2580,3,54,dove_white,0.8398399353027344
2580,3,2,bumblebee_albacore,0.7787299752235413
2580,4,2,bumblebee_albacore,0.9393758177757263
2580,4,2,bumblebee_albacore,0.7543660998344421
2580,4,53,dove_pink,0.09187066555023193
2590,0,2,bumblebee_albacore,0.18261495232582092
2590,1,53,dove_pink,0.25680893659591675
2590,2,53,dove_pink,0.17481987178325653
2590,2,53,dove_pink,0.16176743805408478
2590,3,54,dove_white,0.8366791009902954
2590,3,2,bumblebee_albacore,0.7915763258934021
2590,4,2,bumblebee_albacore,0.9383558630943298
2590,4,2,bumblebee_albacore,0.739935576915741
2590,4,53,dove_pink,0.09127306193113327
2600,0,2,bumblebee_albacore,0.16865397989749908
2600,1,53,dove_pink,0.43054869771003723
2600,2,53,dove_pink,0.49083802103996277
2600,2,53,dove_pink,0.22869044542312622
2600,2,2,bumblebee_albacore,0.09266939014196396
2600,3,54,dove_white,0.850163996219635
2600,3,2,bumblebee_albacore,0.8001648187637329
2600,4,2,bumblebee_albacore,0.9384228587150574
2600,4,2,bumblebee_albacore,0.7064372301101685
2600,4,53,dove_pink,0.1730833649635315
2610,0,2,bumblebee_albacore,0.17682132124900818
2610,0,54,dove_white,0.17228563129901886
2610,1,53,dove_pink,0.3405177891254425
2610,2,53,dove_pink,0.538375973701477
2610,2,2,bumblebee_albacore,0.10283131897449493
2610,3,54,dove_white,0.8342435956001282
2610,3,2,bumblebee_albacore,0.8103404641151428
2610,4,2,bumblebee_albacore,0.9334915280342102
2610,4,2,bumblebee_albacore,0.7344551682472229
2610,4,53,dove_pink,0.1271320879459381
2620,0,2,bumblebee_albacore,0.16633252799510956
2620,1,53,dove_pink,0.5479650497436523
2620,2,53,dove_pink,0.5227360725402832
2620,2,53,dove_pink,0.3942171633243561
2620,2,53,dove_pink,0.17548416554927826
2620,3,54,dove_white,0.859460711479187
2620,3,2,bumblebee_albacore,0.7971099019050598
2620,4,2,bumblebee_albacore,0.93522709608078
2620,4,2,bumblebee_albacore,0.7335841059684753
2620,4,53,dove_pink,0.25715047121047974
2630,0,2,bumblebee_albacore,0.18109579384326935
2630,0,54,dove_white,0.1578870564699173
2630,1,53,dove_pink,0.42952200770378113
2630,2,53,dove_pink,0.695205807685852
2630,3,54,dove_white,0.8494634628295898
2630,3,2,bumblebee_albacore,0.7944971323013306
2630,4,2,bumblebee_albacore,0.9358403086662292
2630,4,2,bumblebee_albacore,0.7585211396217346
2630,4,53,dove_pink,0.23505756258964539
2640,0,2,bumblebee_albacore,0.14070618152618408
2640,1,53,dove_pink,0.27246150374412537
2640,2,53,dove_pink,0.7238256931304932
2640,2,53,dove_pink,0.4124503433704376
2640,2,2,bumblebee_albacore,0.16830551624298096
2640,2,53,dove_pink,0.09819956868886948
2640,3,54,dove_white,0.8384914398193359
2640,3,2,bumblebee_albacore,0.7793251276016235
2640,4,2,bumblebee_albacore,0.9360690116882324
2640,4,2,bumblebee_albacore,0.7133752703666687
2640,4,53,dove_pink,0.14122611284255981
2650,0,2,bumblebee_albacore,0.15375667810440063
2650,0,54,dove_white,0.07005767524242401
2650,1,53,dove_pink,0.49443939328193665
2650,1,54,dove_white,0.0548851303756237
2650,2,53,dove_pink,0.6640690565109253
2650,2,53,dove_pink,0.07864760607481003
2650,2,2,bumblebee_albacore,0.05685136094689369
2650,3,2,bumblebee_albacore,0.7982922792434692
2650,3,54,dove_white,0.7743349075317383
2650,4,2,bumblebee_albacore,0.9391719698905945
2650,4,2,bumblebee_albacore,0.7804093956947327
2650,4,53,dove_pink,0.20419201254844666
2660,0,2,bumblebee_albacore,0.1364685595035553
2660,1,53,dove_pink,0.6009732484817505
2660,2,53,dove_pink,0.4619477391242981
2660,2,2,bumblebee_albacore,0.06300456821918488
2660,3,2,bumblebee_albacore,0.8158241510391235
2660,3,54,dove_white,0.7968006134033203
2660,4,2,bumblebee_albacore,0.9361463189125061
2660,4,2,bumblebee_albacore,0.7485910654067993
2660,4,53,dove_pink,0.2814764380455017
2670,0,2,bumblebee_albacore,0.21721339225769043
2670,1,53,dove_pink,0.41825366020202637
2670,2,53,dove_pink,0.7061719298362732
2670,2,53,dove_pink,0.13641777634620667
2670,2,2,bumblebee_albacore,0.10681363940238953
2670,3,54,dove_white,0.8363962769508362
2670,3,2,bumblebee_albacore,0.7860390543937683
2670,4,2,bumblebee_albacore,0.934316873550415
2670,4,2,bumblebee_albacore,0.7436728477478027
2670,4,53,dove_pink,0.17914915084838867
2680,0,2,bumblebee_albacore,0.2200486958026886
2680,1,53,dove_pink,0.4635781943798065
2680,2,53,dove_pink,0.7314867973327637
2680,2,53,dove_pink,0.5135350823402405
2680,2,2,bumblebee_albacore,0.07192084938287735
2680,3,54,dove_white,0.8546180725097656
2680,3,2,bumblebee_albacore,0.7987925410270691
2680,4,2,bumblebee_albacore,0.9358443021774292
2680,4,2,bumblebee_albacore,0.678274929523468
2680,4,53,dove_pink,0.23206214606761932
2690,0,2,bumblebee_albacore,0.17718659341335297
2690,0,54,dove_white,0.07588372379541397
2690,1,53,dove_pink,0.48380717635154724
2690,2,53,dove_pink,0.6631262302398682
2690,2,53,dove_pink,0.20251955091953278
2690,3,54,dove_white,0.8533428907394409
2690,3,2,bumblebee_albacore,0.7900899648666382
2690,4,2,bumblebee_albacore,0.9375792741775513
2690,4,2,bumblebee_albacore,0.7639092803001404
2690,4,53,dove_pink,0.14686256647109985
2700,0,2,bumblebee_albacore,0.16646267473697662
2700,1,53,dove_pink,0.4414357542991638
2700,2,53,dove_pink,0.7805993556976318
2700,2,2,bumblebee_albacore,0.16286900639533997
2700,3,54,dove_white,0.834730327129364
2700,3,2,bumblebee_albacore,0.758987545967102
2700,4,2,bumblebee_albacore,0.9351193308830261
2700,4,2,bumblebee_albacore,0.7254942059516907
2700,4,53,dove_pink,0.15808755159378052
2710,0,2,bumblebee_albacore,0.14736869931221008
2710,1,53,dove_pink,0.524387538433075
2710,2,53,dove_pink,0.7209441065788269
2710,2,2,bumblebee_albacore,0.13919323682785034
2710,2,53,dove_pink,0.06715671718120575
2710,3,54,dove_white,0.832772433757782
2710,3,2,bumblebee_albacore,0.7946634888648987
2710,4,2,bumblebee_albacore,0.9359106421470642
2710,4,2,bumblebee_albacore,0.7593438029289246
2710,4,53,dove_pink,0.2607477605342865
2720,0,54,dove_white,0.206598699092865
2720,0,2,bumblebee_albacore,0.12337764352560043
2720,1,53,dove_pink,0.6465364098548889
2720,1,54,dove_white,0.05716629698872566
2720,2,53,dove_pink,0.6097826361656189
2720,2,2,bumblebee_albacore,0.10631096363067627
2720,3,54,dove_white,0.7978821396827698
2720,3,2,bumblebee_albacore,0.7801239490509033
2720,4,2,bumblebee_albacore,0.9396283626556396
2720,4,2,bumblebee_albacore,0.7328712344169617
2720,4,53,dove_pink,0.3626464605331421
2730,0,54,dove_white,0.5100813508033752
2730,1,53,dove_pink,0.4696253538131714
2730,2,53,dove_pink,0.8009437322616577
2730,2,54,dove_white,0.17380951344966888
2730,2,2,bumblebee_albacore,0.08257858455181122
2730,3,2,bumblebee_albacore,0.8465093374252319
2730,3,54,dove_white,0.8449481725692749
2730,4,2,bumblebee_albacore,0.9396859407424927
2730,4,2,bumblebee_albacore,0.7725220322608948
2730,4,53,dove_pink,0.29861214756965637
2740,0,54,dove_white,0.23476259410381317
2740,0,2,bumblebee_albacore,0.053483881056308746
2740,1,53,dove_pink,0.5877534747123718
2740,2,53,dove_pink,0.7681109309196472
2740,2,54,dove_white,0.14126178622245789
2740,3,2,bumblebee_albacore,0.8282214403152466
2740,3,54,dove_white,0.7833008170127869
2740,4,2,bumblebee_albacore,0.9383683204650879
2740,4,2,bumblebee_albacore,0.7526810765266418
2740,4,53,dove_pink,0.294109046459198
2750,0,54,dove_white,0.1880805343389511
2750,1,53,dove_pink,0.37939688563346863
2750,2,53,dove_pink,0.7800003290176392
2750,2,54,dove_white,0.17665480077266693
2750,2,2,bumblebee_albacore,0.07009346038103104
2750,3,2,bumblebee_albacore,0.852873682975769
2750,3,54,dove_white,0.7991704940795898
2750,4,2,bumblebee_albacore,0.9377821683883667
2750,4,2,bumblebee_albacore,0.7688979506492615
2750,4,53,dove_pink,0.14274971187114716
2760,0,54,dove_white,0.24335472285747528
2760,0,2,bumblebee_albacore,0.09307162463665009
2760,1,53,dove_pink,0.418172150850296
2760,2,53,dove_pink,0.8788665533065796
2760,2,54,dove_white,0.16626043617725372
2760,2,53,dove_pink,0.12671951949596405
2760,2,2,bumblebee_albacore,0.08344921469688416
2760,3,2,bumblebee_albacore,0.8336071968078613
2760,3,54,dove_white,0.8253485560417175
2760,4,2,bumblebee_albacore,0.9387085437774658
2760,4,2,bumblebee_albacore,0.7237130999565125
2760,4,53,dove_pink,0.3656599223613739
2770,0,54,dove_white,0.22345125675201416
2770,0,2,bumblebee_albacore,0.06815984845161438
2770,1,53,dove_pink,0.4380525052547455
2770,2,53,dove_pink,0.43613073229789734
2770,2,53,dove_pink,0.3651319444179535
2770,2,54,dove_white,0.2544841170310974
2770,2,53,dove_pink,0.16817237436771393
2770,2,2,bumblebee_albacore,0.10677685588598251
2770,3,54,dove_white,0.8527681827545166
2770,3,2,bumblebee_albacore,0.8490056395530701
2770,4,2,bumblebee_albacore,0.9373776316642761
2770,4,2,bumblebee_albacore,0.7651965618133545
2770,4,53,dove_pink,0.2669885456562042
2780,0,54,dove_white,0.15842272341251373
2780,0,2,bumblebee_albacore,0.07846354693174362
2780,1,53,dove_pink,0.5452282428741455
2780,2,53,dove_pink,0.8165170550346375
2780,2,54,dove_white,0.20917358994483948
2780,2,2,bumblebee_albacore,0.1525462120771408
2780,3,2,bumblebee_albacore,0.8557158708572388
2780,3,54,dove_white,0.8482476472854614
2780,4,2,bumblebee_albacore,0.9366297125816345
2780,4,2,bumblebee_albacore,0.7244610786437988
2780,4,53,dove_pink,0.14464671909809113
2790,0,54,dove_white,0.23499417304992676
2790,1,53,dove_pink,0.5113804340362549
2790,2,53,dove_pink,0.7394317388534546
2790,2,54,dove_white,0.3102242052555084
2790,2,2,bumblebee_albacore,0.1124870628118515
2790,3,54,dove_white,0.8439510464668274
2790,3,2,bumblebee_albacore,0.8406100869178772
2790,4,2,bumblebee_albacore,0.9330191016197205
2790,4,2,bumblebee_albacore,0.7703495025634766
2790,4,53,dove_pink,0.3515162169933319
2800,0,54,dove_white,0.14865075051784515
2800,0,2,bumblebee_albacore,0.05882330611348152
2800,1,53,dove_pink,0.5648561120033264
2800,2,53,dove_pink,0.6665581464767456
2800,2,54,dove_white,0.3222040832042694
2800,2,2,bumblebee_albacore,0.13480058312416077
2800,3,2,bumblebee_albacore,0.8368744254112244
2800,3,54,dove_white,0.7992621064186096
2800,4,2,bumblebee_albacore,0.9377496838569641
2800,4,2,bumblebee_albacore,0.7640502452850342
2800,4,53,dove_pink,0.15928298234939575
2810,0,54,dove_white,0.21736830472946167
2810,1,53,dove_pink,0.4043211042881012
2810,2,53,dove_pink,0.7708418369293213
2810,2,2,bumblebee_albacore,0.125666543841362
2810,2,54,dove_white,0.10278255492448807
2810,2,53,dove_pink,0.07588560879230499
2810,3,54,dove_white,0.8510997891426086
2810,3,2,bumblebee_albacore,0.84842848777771
2810,4,2,bumblebee_albacore,0.9382262229919434
2810,4,2,bumblebee_albacore,0.6695729494094849
2810,4,53,dove_pink,0.20119771361351013
2820,0,54,dove_white,0.4779205620288849
2820,1,53,dove_pink,0.48693329095840454
2820,2,53,dove_pink,0.759526252746582
2820,2,53,dove_pink,0.45850473642349243
2820,2,54,dove_white,0.19465956091880798
2820,2,2,bumblebee_albacore,0.13122650980949402
2820,3,54,dove_white,0.8584294319152832
2820,3,2,bumblebee_albacore,0.8327515721321106
2820,4,2,bumblebee_albacore,0.935631513595581
2820,4,2,bumblebee_albacore,0.7079610824584961
2820,4,53,dove_pink,0.35229286551475525
2830,0,54,dove_white,0.27657070755958557
2830,0,2,bumblebee_albacore,0.08696696907281876
2830,1,53,dove_pink,0.47505855560302734
2830,2,53,dove_pink,0.5907607078552246
2830,2,53,dove_pink,0.25004786252975464
2830,2,54,dove_white,0.20679159462451935
2830,2,53,dove_pink,0.10583522170782089
2830,2,2,bumblebee_albacore,0.09792979806661606
2830,3,54,dove_white,0.8653592467308044
2830,3,2,bumblebee_albacore,0.8511247038841248
2830,4,2,bumblebee_albacore,0.9346951842308044
2830,4,2,bumblebee_albacore,0.7605658173561096
2830,4,53,dove_pink,0.26626136898994446
2840,0,2,bumblebee_albacore,0.10245739668607712
2840,0,54,dove_white,0.09778096526861191
2840,1,53,dove_pink,0.2016148865222931
2840,2,53,dove_pink,0.5022373199462891
2840,2,54,dove_white,0.2096172422170639
2840,2,53,dove_pink,0.13529756665229797
2840,2,2,bumblebee_albacore,0.11613531410694122
2840,2,53,dove_pink,0.09209664165973663
2840,3,2,bumblebee_albacore,0.8634503483772278
2840,3,54,dove_white,0.8345078229904175
2840,4,2,bumblebee_albacore,0.9382284283638
2840,4,2,bumblebee_albacore,0.7693803906440735
2840,4,53,dove_pink,0.12030847370624542
2850,0,54,dove_white,0.11322330683469772
2850,0,2,bumblebee_albacore,0.08766647428274155
2850,1,53,dove_pink,0.2251676768064499
2850,2,53,dove_pink,0.7344524264335632
2850,2,54,dove_white,0.21294905245304108
2850,2,53,dove_pink,0.08715145289897919
2850,2,2,bumblebee_albacore,0.07347115874290466
2850,3,2,bumblebee_albacore,0.8559061884880066
2850,3,54,dove_white,0.8244203329086304
2850,4,2,bumblebee_albacore,0.9387402534484863
2850,4,2,bumblebee_albacore,0.7785359621047974
2850,4,53,dove_pink,0.16957750916481018
2860,0,54,dove_white,0.24922680854797363
2860,0,2,bumblebee_albacore,0.08155269175767899
2860,1,53,dove_pink,0.339760959148407
2860,2,53,dove_pink,0.6943612694740295
2860,2,53,dove_pink,0.5207256078720093
2860,2,2,bumblebee_albacore,0.13015244901180267
2860,2,54,dove_white,0.12844182550907135
2860,3,54,dove_white,0.8519715070724487
2860,3,2,bumblebee_albacore,0.8241869211196899
2860,4,2,bumblebee_albacore,0.936373770236969
2860,4,2,bumblebee_albacore,0.7558422684669495
2860,4,53,dove_pink,0.2874431908130646
2870,0,54,dove_white,0.1761246770620346
2870,0,2,bumblebee_albacore,0.08033236116170883
2870,1,53,dove_pink,0.23599441349506378
2870,2,53,dove_pink,0.7930490374565125
2870,2,54,dove_white,0.2688466012477875
2870,2,2,bumblebee_albacore,0.09242729842662811
2870,3,2,bumblebee_albacore,0.8520528674125671
2870,3,54,dove_white,0.8143426179885864
2870,4,2,bumblebee_albacore,0.9402047991752625
2870,4,2,bumblebee_albacore,0.7253950834274292
2880,0,54,dove_white,0.22635473310947418
2880,1,53,dove_pink,0.6038240790367126
2880,2,53,dove_pink,0.8526378870010376
2880,2,54,dove_white,0.3623241186141968
2880,2,2,bumblebee_albacore,0.13531894981861115
2880,2,53,dove_pink,0.07111597806215286
2880,3,2,bumblebee_albacore,0.8500611186027527
2880,3,54,dove_white,0.795401930809021
2880,3,54,dove_white,0.27140530943870544
2880,4,2,bumblebee_albacore,0.9371541738510132
2880,4,2,bumblebee_albacore,0.7333835959434509
2880,4,53,dove_pink,0.19897177815437317
2890,0,54,dove_white,0.17178867757320404
2890,1,53,dove_pink,0.29967543482780457
2890,2,53,dove_pink,0.8347473740577698
2890,2,54,dove_white,0.2569694221019745
2890,2,2,bumblebee_albacore,0.07717115432024002
2890,3,2,bumblebee_albacore,0.861061155796051
2890,3,54,dove_white,0.853678822517395
2890,4,2,bumblebee_albacore,0.9379818439483643
2890,4,2,bumblebee_albacore,0.734169065952301
2890,4,53,dove_pink,0.08515148609876633
2900,0,54,dove_white,0.2843513786792755
2900,0,2,bumblebee_albacore,0.08169659227132797
2900,1,53,dove_pink,0.505422830581665
2900,2,53,dove_pink,0.8598090410232544
2900,2,54,dove_white,0.21257483959197998
2900,2,2,bumblebee_albacore,0.15442483127117157
2900,3,2,bumblebee_albacore,0.8572555184364319
2900,3,54,dove_white,0.8507245182991028
2900,4,2,bumblebee_albacore,0.9362778067588806
2900,4,2,bumblebee_albacore,0.7463463544845581
2900,4,53,dove_pink,0.19294948875904083
2900,4,53,dove_pink,0.059787243604660034
2910,0,54,dove_white,0.1493966430425644
2910,0,2,bumblebee_albacore,0.09747125208377838
2910,1,53,dove_pink,0.18696697056293488
2910,2,53,dove_pink,0.6040037870407104
2910,2,54,dove_white,0.31088319420814514
2910,2,2,bumblebee_albacore,0.10130050778388977
2910,3,54,dove_white,0.8684867024421692
2910,3,2,bumblebee_albacore,0.8642101287841797
2910,4,2,bumblebee_albacore,0.9375366568565369
2910,4,2,bumblebee_albacore,0.7778413891792297
2910,4,53,dove_pink,0.08662481606006622
2920,0,54,dove_white,0.2467479705810547
2920,1,53,dove_pink,0.09518249332904816
2920,2,53,dove_pink,0.4721478819847107
2920,2,54,dove_white,0.20046722888946533
2920,2,2,bumblebee_albacore,0.12446985393762589
2920,3,2,bumblebee_albacore,0.8382972478866577
2920,3,54,dove_white,0.7401435375213623
2920,4,2,bumblebee_albacore,0.9383199214935303
2920,4,2,bumblebee_albacore,0.7485411763191223
2930,0,54,dove_white,0.12565280497074127
2930,0,2,bumblebee_albacore,0.06136072427034378
2930,1,53,dove_pink,0.2664903402328491
2930,2,53,dove_pink,0.8397253155708313
2930,2,54,dove_white,0.21712538599967957
2930,2,2,bumblebee_albacore,0.08579450845718384
2930,3,2,bumblebee_albacore,0.8479837775230408
2930,3,54,dove_white,0.8010408878326416
2930,4,2,bumblebee_albacore,0.9394252896308899
2930,4,2,bumblebee_albacore,0.7842275500297546
2930,4,53,dove_pink,0.1650816947221756
2940,0,54,dove_white,0.16706888377666473
2940,0,2,bumblebee_albacore,0.06361811608076096
2940,1,53,dove_pink,0.24108122289180756
2940,2,53,dove_pink,0.8690078854560852
2940,2,54,dove_white,0.16722719371318817
2940,2,2,bumblebee_albacore,0.06042267009615898
2940,3,2,bumblebee_albacore,0.8558213710784912
2940,3,54,dove_white,0.8455138206481934
2940,4,2,bumblebee_albacore,0.936686098575592
2940,4,2,bumblebee_albacore,0.6405635476112366
2940,4,53,dove_pink,0.07553961127996445
2940,4,54,dove_white,0.05029049888253212
2950,0,54,dove_white,0.19501028954982758
2950,0,2,bumblebee_albacore,0.09044025838375092
2950,1,53,dove_pink,0.3910899758338928
2950,2,53,dove_pink,0.8646835684776306
2950,2,54,dove_white,0.1601138561964035
2950,2,2,bumblebee_albacore,0.0861668512225151
2950,3,54,dove_white,0.8612161874771118
2950,3,2,bumblebee_albacore,0.8479568362236023
2950,4,2,bumblebee_albacore,0.9365679621696472
2950,4,2,bumblebee_albacore,0.736538290977478
2950,4,53,dove_pink,0.12693709135055542
2960,0,2,bumblebee_albacore,0.08117756247520447
2960,1,53,dove_pink,0.5181049704551697
2960,2,53,dove_pink,0.7459340691566467
2960,2,54,dove_white,0.19459755718708038
2960,2,2,bumblebee_albacore,0.14140477776527405
2960,3,2,bumblebee_albacore,0.8315436244010925
2960,3,54,dove_white,0.8299573659896851
2960,4,2,bumblebee_albacore,0.9377994537353516
2960,4,2,bumblebee_albacore,0.7137903571128845
2960,4,53,dove_pink,0.12015661597251892
2960,4,54,dove_white,0.06234921142458916
2970,0,2,bumblebee_albacore,0.05707433447241783
2970,1,53,dove_pink,0.5634622573852539
2970,2,53,dove_pink,0.8721775412559509
2970,2,54,dove_white,0.11429791152477264
2970,2,2,bumblebee_albacore,0.06498036533594131
2970,3,54,dove_white,0.8612102270126343
2970,3,2,bumblebee_albacore,0.85491943359375
2970,3,54,dove_white,0.06269868463277817
2970,4,2,bumblebee_albacore,0.9406185150146484
2970,4,2,bumblebee_albacore,0.7495999932289124
2970,4,53,dove_pink,0.2097758650779724
2970,4,54,dove_white,0.06727385520935059
2980,0,2,bumblebee_albacore,0.0536930114030838
2980,1,53,dove_pink,0.632412314414978
2980,2,53,dove_pink,0.8119896650314331
2980,2,54,dove_white,0.16118285059928894
2980,2,2,bumblebee_albacore,0.12240812927484512
2980,3,54,dove_white,0.9103642702102661
2980,3,2,bumblebee_albacore,0.8571721911430359
2980,4,2,bumblebee_albacore,0.9397169351577759
2980,4,2,bumblebee_albacore,0.7702717781066895
2980,4,53,dove_pink,0.16051599383354187
2980,4,54,dove_white,0.05050154775381088
2990,0,53,dove_pink,0.07297421991825104
2990,0,2,bumblebee_albacore,0.06553284823894501
2990,1,53,dove_pink,0.5671666264533997
2990,2,53,dove_pink,0.8669787049293518
2990,2,54,dove_white,0.6351622939109802
2990,2,2,bumblebee_albacore,0.15317058563232422
2990,3,54,dove_white,0.8997127413749695
2990,3,2,bumblebee_albacore,0.8439800143241882
2990,4,2,bumblebee_albacore,0.9368634819984436
2990,4,2,bumblebee_albacore,0.7076559066772461
2990,4,54,dove_white,0.3067425489425659
2990,4,53,dove_pink,0.10198809206485748
3000,0,2,bumblebee_albacore,0.14484943449497223
3000,1,53,dove_pink,0.10392746329307556
3000,2,53,dove_pink,0.8789889216423035
3000,2,54,dove_white,0.6607900857925415
3000,2,2,bumblebee_albacore,0.050333134829998016
3000,3,54,dove_white,0.888554036617279
3000,3,2,bumblebee_albacore,0.8387125730514526
3000,4,2,bumblebee_albacore,0.9381141066551208
3000,4,2,bumblebee_albacore,0.6839683055877686
3000,4,54,dove_white,0.21797512471675873
3000,4,53,dove_pink,0.11008995771408081
3000,4,54,dove_white,0.05787801742553711
3010,0,2,bumblebee_albacore,0.09298941493034363
3010,1,53,dove_pink,0.29553908109664917
3010,2,53,dove_pink,0.8143882751464844
3010,2,54,dove_white,0.5801867842674255
3010,2,2,bumblebee_albacore,0.10808955132961273
3010,3,54,dove_white,0.8904385566711426
3010,3,2,bumblebee_albacore,0.8484577536582947
3010,4,2,bumblebee_albacore,0.9411107897758484
3010,4,2,bumblebee_albacore,0.753032386302948
3010,4,54,dove_white,0.15651877224445343
3010,4,53,dove_pink,0.15128076076507568
3010,4,53,dove_pink,0.10684184730052948
3020,0,2,bumblebee_albacore,0.15579867362976074
3020,0,54,dove_white,0.15118882060050964
3020,1,53,dove_pink,0.612514853477478
3020,2,53,dove_pink,0.8239080905914307
3020,2,54,dove_white,0.3543766736984253
3020,2,2,bumblebee_albacore,0.1883189082145691
3020,3,2,bumblebee_albacore,0.813043475151062
3020,3,54,dove_white,0.7648600339889526
3020,4,2,bumblebee_albacore,0.9383343458175659
3020,4,2,bumblebee_albacore,0.7159702777862549
3020,4,53,dove_pink,0.21257376670837402
3020,4,54,dove_white,0.15460266172885895
3030,0,2,bumblebee_albacore,0.22043932974338531
3030,1,53,dove_pink,0.5355343222618103
3030,2,53,dove_pink,0.8709914684295654
3030,2,2,bumblebee_albacore,0.0743941217660904
3030,3,2,bumblebee_albacore,0.7850767374038696
3030,3,54,dove_white,0.7151644825935364
3030,3,54,dove_white,0.1515924334526062
3030,4,2,bumblebee_albacore,0.9356585741043091
3030,4,2,bumblebee_albacore,0.7694799900054932
3030,4,53,dove_pink,0.2044246941804886
3030,4,54,dove_white,0.12243980169296265
3030,4,53,dove_pink,0.07634942978620529
3040,0,2,bumblebee_albacore,0.23994559049606323
3040,1,53,dove_pink,0.5231142044067383
3040,2,53,dove_pink,0.7591851949691772
3040,2,2,bumblebee_albacore,0.1333833485841751
3040,3,2,bumblebee_albacore,0.8106555342674255
3040,3,54,dove_white,0.7649905681610107
3040,3,54,dove_white,0.22962899506092072
3040,4,2,bumblebee_albacore,0.9340199828147888
3040,4,2,bumblebee_albacore,0.7801498174667358
3040,4,54,dove_white,0.19653254747390747
3040,4,53,dove_pink,0.17206619679927826
3040,4,53,dove_pink,0.09417872875928879
3050,0,2,bumblebee_albacore,0.30855605006217957
3050,1,53,dove_pink,0.32395613193511963
3050,2,53,dove_pink,0.5532199144363403
3050,2,54,dove_white,0.40179571509361267
3050,2,2,bumblebee_albacore,0.12886177003383636
3050,3,2,bumblebee_albacore,0.7549664974212646
3050,3,54,dove_white,0.707299530506134
3050,3,54,dove_white,0.3477846086025238
3050,4,2,bumblebee_albacore,0.9351868629455566
3050,4,2,bumblebee_albacore,0.7504997253417969
3060,1,53,dove_pink,0.499528706073761
3060,2,53,dove_pink,0.8120423555374146
3060,2,2,bumblebee_albacore,0.0939619243144989
3060,3,54,dove_white,0.7513394355773926
3060,3,2,bumblebee_albacore,0.597059965133667
3060,3,54,dove_white,0.08655580878257751
3060,4,2,bumblebee_albacore,0.9360796809196472
3060,4,2,bumblebee_albacore,0.7812488675117493
3060,4,53,dove_pink,0.16610503196716309
3060,4,54,dove_white,0.10437992215156555
3070,1,53,dove_pink,0.5782687664031982
3070,2,53,dove_pink,0.7832441329956055
3070,2,54,dove_white,0.21608182787895203
3070,3,54,dove_white,0.6176155209541321
3070,3,2,bumblebee_albacore,0.5388104319572449
3070,4,2,bumblebee_albacore,0.9006035923957825
3070,4,2,bumblebee_albacore,0.8000777363777161
3070,4,53,dove_pink,0.295569509267807
3070,4,54,dove_white,0.07798023521900177
3080,0,2,bumblebee_albacore,0.2811780273914337
3080,1,53,dove_pink,0.33526092767715454
3080,2,53,dove_pink,0.8519994616508484
3080,2,2,bumblebee_albacore,0.7943681478500366
3080,3,2,bumblebee_albacore,0.7810122966766357
3080,3,54,dove_white,0.4433480501174927
3080,4,2,bumblebee_albacore,0.855725884437561
3080,4,2,bumblebee_albacore,0.752070963382721
3080,4,53,dove_pink,0.17089208960533142
3080,4,54,dove_white,0.07382681965827942
3090,1,53,dove_pink,0.6938926577568054
3090,2,53,dove_pink,0.8247069716453552
3090,2,54,dove_white,0.32309627532958984
3090,3,54,dove_white,0.6824501156806946
3090,4,2,bumblebee_albacore,0.3813495337963104
3090,4,54,dove_white,0.37768617272377014
3090,4,53,dove_pink,0.37558090686798096
3090,4,53,dove_pink,0.1536325365304947
3100,1,53,dove_pink,0.41887614130973816
3100,2,53,dove_pink,0.7988511323928833
3100,3,54,dove_white,0.6635404229164124
3100,4,2,bumblebee_albacore,0.5516730546951294
3100,4,53,dove_pink,0.1141912117600441
3100,4,54,dove_white,0.05431690067052841
3110,1,53,dove_pink,0.680661678314209
3110,2,53,dove_pink,0.7418116331100464
3110,2,54,dove_white,0.17586922645568848
3110,3,54,dove_white,0.6299660801887512
3110,3,54,dove_white,0.29952043294906616
3110,4,2,bumblebee_albacore,0.5735136866569519
3110,4,53,dove_pink,0.11808429658412933
3110,4,54,dove_white,0.07684531062841415
3110,4,53,dove_pink,0.06017341837286949
3120,1,53,dove_pink,0.35995474457740784
3120,2,53,dove_pink,0.8445799350738525
3120,3,54,dove_white,0.7708759307861328
3120,4,2,bumblebee_albacore,0.46192026138305664
3120,4,53,dove_pink,0.28922924399375916
3130,1,53,dove_pink,0.6464651226997375
3130,2,53,dove_pink,0.8057581782341003
3130,3,54,dove_white,0.30227380990982056
3130,4,2,bumblebee_albacore,0.5594959259033203
3130,4,54,dove_white,0.20606420934200287
3130,4,53,dove_pink,0.13554038107395172
3130,4,53,dove_pink,0.050128329545259476
3140,1,53,dove_pink,0.512945830821991
3140,2,53,dove_pink,0.859960675239563
3140,4,2,bumblebee_albacore,0.5885111093521118
3140,4,53,dove_pink,0.2712283730506897
3140,4,54,dove_white,0.056770965456962585
3150,1,53,dove_pink,0.5400711894035339
3150,2,53,dove_pink,0.8014541864395142
3150,4,2,bumblebee_albacore,0.6837486624717712
3150,4,54,dove_white,0.36706823110580444
3150,4,53,dove_pink,0.23162586987018585
3150,4,53,dove_pink,0.09994623064994812
3160,1,53,dove_pink,0.475769579410553
3160,2,53,dove_pink,0.8214567303657532
3160,3,54,dove_white,0.09787187725305557
3160,4,2,bumblebee_albacore,0.6842867136001587
3160,4,54,dove_white,0.23841121792793274
3160,4,53,dove_pink,0.1872832477092743
3160,4,53,dove_pink,0.1611061543226242
3170,1,53,dove_pink,0.47823476791381836
3170,2,53,dove_pink,0.7965139746665955
3170,4,2,bumblebee_albacore,0.6660836935043335
3170,4,54,dove_white,0.11256840080022812
3170,4,53,dove_pink,0.07920952886343002
3170,4,53,dove_pink,0.06612318754196167
3180,4,2,bumblebee_albacore,0.5688572525978088
3190,3,54,dove_white,0.06359758228063583
3190,4,2,bumblebee_albacore,0.541187584400177
3200,3,54,dove_white,0.08005784451961517
3200,4,2,bumblebee_albacore,0.48608162999153137
3210,4,2,bumblebee_albacore,0.6308932900428772
3220,3,54,dove_white,0.05090693011879921
3220,4,2,bumblebee_albacore,0.6492227911949158
3230,3,54,dove_white,0.11020082980394363
3230,4,2,bumblebee_albacore,0.6328175067901611
3240,4,2,bumblebee_albacore,0.6028616428375244
3250,4,2,bumblebee_albacore,0.6793395280838013
3250,4,54,dove_white,0.05446714162826538
3260,4,2,bumblebee_albacore,0.5274474620819092
3270,4,2,bumblebee_albacore,0.5553025007247925
3280,4,2,bumblebee_albacore,0.5004112720489502
3290,4,2,bumblebee_albacore,0.5754554867744446
3300,4,2,bumblebee_albacore,0.5528141856193542
3310,4,2,bumblebee_albacore,0.63034987449646
3320,4,2,bumblebee_albacore,0.5552074313163757
3330,4,2,bumblebee_albacore,0.656021773815155
3340,4,2,bumblebee_albacore,0.6036598086357117
3350,4,2,bumblebee_albacore,0.3431588113307953
3350,4,54,dove_white,0.052563272416591644
3360,4,2,bumblebee_albacore,0.5208138227462769
3370,4,2,bumblebee_albacore,0.5598347187042236
3380,4,2,bumblebee_albacore,0.5920517444610596
3390,4,2,bumblebee_albacore,0.5305156707763672
3400,4,2,bumblebee_albacore,0.6185245513916016
3410,4,2,bumblebee_albacore,0.3823525905609131
3420,4,2,bumblebee_albacore,0.6750087738037109
3430,4,2,bumblebee_albacore,0.515787661075592
3440,4,2,bumblebee_albacore,0.3453999161720276
3450,4,2,bumblebee_albacore,0.5167890191078186
3460,4,2,bumblebee_albacore,0.5857201218605042
3470,4,2,bumblebee_albacore,0.4430190324783325
3480,4,2,bumblebee_albacore,0.4491017460823059
3490,4,2,bumblebee_albacore,0.4061681628227234
3500,4,2,bumblebee_albacore,0.4173485338687897
3510,4,2,bumblebee_albacore,0.6024138331413269
3520,4,2,bumblebee_albacore,0.20350325107574463
3530,4,2,bumblebee_albacore,0.05767112225294113
3760,4,54,dove_white,0.18167516589164734
3810,4,53,dove_pink,0.05464087799191475
3820,4,53,dove_pink,0.06336147338151932
3830,4,54,dove_white,0.12038024514913559
3830,4,53,dove_pink,0.05355824902653694
3840,4,53,dove_pink,0.09299779683351517
3840,4,54,dove_white,0.06599296629428864
3850,4,53,dove_pink,0.07758557796478271
3860,4,54,dove_white,0.1424759030342102
3870,4,54,dove_white,0.1098339706659317
3870,4,53,dove_pink,0.07188045978546143
3880,4,54,dove_white,0.16986487805843353
3910,4,54,dove_white,0.17091217637062073
3920,4,54,dove_white,0.15774813294410706
3950,4,54,dove_white,0.0751834437251091
3990,4,54,dove_white,0.05507545918226242
4030,4,54,dove_white,0.7071719169616699
4060,4,54,dove_white,0.13696277141571045
4070,4,53,dove_pink,0.05383620038628578
4070,4,54,dove_white,0.05305720493197441
4080,4,54,dove_white,0.05324704200029373
4090,4,54,dove_white,0.15501266717910767
4160,4,54,dove_white,0.14950606226921082
4170,4,54,dove_white,0.11488692462444305
4230,3,54,dove_white,0.10716546326875687
4250,3,53,dove_pink,0.07246265560388565
4250,3,54,dove_white,0.05237826332449913
4260,4,54,dove_white,0.08072050660848618
4270,4,54,dove_white,0.434419184923172
4270,4,53,dove_pink,0.058650244027376175
4280,1,54,dove_white,0.0769653171300888
4280,4,54,dove_white,0.24078185856342316
4280,4,53,dove_pink,0.06376539170742035
4290,1,54,dove_white,0.0706440657377243
4290,4,54,dove_white,0.4145708382129669
4290,4,53,dove_pink,0.06278295069932938
4340,4,54,dove_white,0.20997720956802368
4350,4,54,dove_white,0.21060986816883087
4360,4,54,dove_white,0.08347739279270172
4370,4,54,dove_white,0.3492828905582428
4380,4,54,dove_white,0.30296698212623596
4390,4,54,dove_white,0.37743711471557617
4400,4,54,dove_white,0.3480623662471771
4410,4,54,dove_white,0.2757711410522461
4420,4,54,dove_white,0.36720335483551025
4430,4,54,dove_white,0.44386157393455505
4440,4,54,dove_white,0.33239269256591797
4450,4,54,dove_white,0.3374176621437073
4460,4,54,dove_white,0.293923020362854
4550,3,54,dove_white,0.2904755175113678
4860,3,54,dove_white,0.13733574748039246
4870,3,54,dove_white,0.19274502992630005
4920,3,54,dove_white,0.05211296305060387
5270,0,54,dove_white,0.10009254515171051
5270,4,54,dove_white,0.12414994090795517
5280,4,54,dove_white,0.052151959389448166
5290,4,53,dove_pink,0.1825486570596695
5310,4,53,dove_pink,0.08787984400987625
5320,4,54,dove_white,0.08820080757141113
5340,1,54,dove_white,0.3247709572315216
5340,4,54,dove_white,0.12841035425662994
5350,1,54,dove_white,0.10803354531526566
5360,0,54,dove_white,0.05318887531757355
5360,1,54,dove_white,0.09451096504926682
5370,0,54,dove_white,0.06458266824483871
5370,1,54,dove_white,0.05632452294230461
5400,4,54,dove_white,0.06435196101665497
5410,4,54,dove_white,0.08376960456371307
5440,3,54,dove_white,0.0714176595211029
5450,3,54,dove_white,0.15165625512599945
5470,3,54,dove_white,0.3864119052886963
5480,3,54,dove_white,0.3634366989135742
5490,4,54,dove_white,0.3594851493835449
5500,4,54,dove_white,0.4085620939731598
5500,4,53,dove_pink,0.05171126872301102
5510,3,54,dove_white,0.06105136126279831
5510,4,54,dove_white,0.3651749789714813
5520,4,54,dove_white,0.21545235812664032
5530,4,54,dove_white,0.28439828753471375
5540,3,54,dove_white,0.09958696365356445
5540,4,54,dove_white,0.7280281186103821
5540,4,53,dove_pink,0.07840412855148315
5550,3,54,dove_white,0.08571142703294754
5550,4,54,dove_white,0.4896046817302704
5560,3,54,dove_white,0.08894043415784836
5560,4,54,dove_white,0.34694939851760864
5580,3,54,dove_white,0.25963395833969116
5590,3,54,dove_white,0.1887977570295334
5600,3,54,dove_white,0.2837418019771576
5610,3,54,dove_white,0.2467305213212967
5620,3,54,dove_white,0.18961429595947266
5620,4,54,dove_white,0.05888289213180542
5630,3,54,dove_white,0.16366033256053925
5630,4,54,dove_white,0.30278393626213074
5640,3,54,dove_white,0.28902116417884827
5640,4,54,dove_white,0.22720031440258026
5650,3,54,dove_white,0.2910116910934448
5650,4,54,dove_white,0.30459216237068176
5660,3,54,dove_white,0.18025878071784973
5660,4,54,dove_white,0.3743683695793152
5670,3,54,dove_white,0.19025938212871552
5670,4,54,dove_white,0.2478012591600418
5680,3,54,dove_white,0.34976211190223694
5680,4,54,dove_white,0.2554907500743866
5690,3,54,dove_white,0.25870421528816223
5690,4,54,dove_white,0.3891732692718506
5700,3,54,dove_white,0.105377197265625
5700,4,54,dove_white,0.08992505818605423
5710,4,54,dove_white,0.27448585629463196
5720,4,54,dove_white,0.5257263779640198
5730,4,54,dove_white,0.4096355438232422
5740,4,54,dove_white,0.4081901013851166
5750,4,54,dove_white,0.6584103107452393
5760,4,54,dove_white,0.778816282749176
5770,4,54,dove_white,0.8245149254798889
5780,4,54,dove_white,0.2704964876174927
5890,4,54,dove_white,0.4946023225784302
5900,4,54,dove_white,0.6987904906272888
5910,4,54,dove_white,0.6945598125457764
5920,4,54,dove_white,0.7550349235534668
5930,4,54,dove_white,0.7213151454925537
5940,4,54,dove_white,0.4899020493030548
5950,4,54,dove_white,0.6118611693382263
5960,3,54,dove_white,0.0546305887401104
5960,4,54,dove_white,0.6990023851394653
5970,3,54,dove_white,0.10434885323047638
5970,4,54,dove_white,0.312071830034256
5980,3,54,dove_white,0.2337653934955597
5980,4,54,dove_white,0.5639549493789673
5990,3,54,dove_white,0.2166372537612915
5990,4,54,dove_white,0.275255411863327
6000,3,54,dove_white,0.17178450524806976
6000,4,54,dove_white,0.45726215839385986
6010,3,54,dove_white,0.23381541669368744
6020,3,54,dove_white,0.5369464159011841
6030,3,54,dove_white,0.06648048013448715
6040,3,54,dove_white,0.1952870488166809
6040,4,54,dove_white,0.5344119071960449
6050,4,54,dove_white,0.42608413100242615
6060,4,54,dove_white,0.39042970538139343
6070,3,54,dove_white,0.06002415344119072
6090,3,54,dove_white,0.4212934374809265
6120,3,54,dove_white,0.08631563186645508
6160,4,54,dove_white,0.46496808528900146
6230,4,54,dove_white,0.0540531724691391
6290,4,54,dove_white,0.13601967692375183
6300,4,54,dove_white,0.2245052009820938
6310,4,54,dove_white,0.15028008818626404
6310,4,53,dove_pink,0.11733825504779816
6320,4,54,dove_white,0.09666202962398529
6330,4,54,dove_white,0.16688920557498932
6520,4,54,dove_white,0.466362327337265
6530,4,54,dove_white,0.3162223696708679
6540,4,54,dove_white,0.5635221600532532
6550,4,54,dove_white,0.5046525001525879
6560,4,54,dove_white,0.6758790612220764
6570,4,54,dove_white,0.2668975591659546
6580,4,54,dove_white,0.6542735695838928
6590,4,54,dove_white,0.5679726004600525
6640,4,54,dove_white,0.2940939962863922
6650,4,54,dove_white,0.572084367275238
6660,4,54,dove_white,0.3182402551174164
6670,4,54,dove_white,0.3222290575504303
6670,4,53,dove_pink,0.10866690427064896
6680,4,54,dove_white,0.2585197389125824
6680,4,53,dove_pink,0.13856083154678345
6690,4,54,dove_white,0.3561286926269531
6690,4,53,dove_pink,0.32272636890411377
6810,4,54,dove_white,0.6430589556694031
6820,4,54,dove_white,0.5118902325630188
6830,4,54,dove_white,0.7178674936294556
6840,4,54,dove_white,0.21284933388233185
6850,4,54,dove_white,0.4250909090042114
6850,4,53,dove_pink,0.11637088656425476
6860,4,54,dove_white,0.27566879987716675
6870,4,54,dove_white,0.6554940342903137
6880,4,54,dove_white,0.6727209687232971
6890,4,54,dove_white,0.5526702404022217
6900,4,54,dove_white,0.661193311214447
7000,3,54,dove_white,0.051794711500406265
7030,4,54,dove_white,0.27733755111694336
7040,4,54,dove_white,0.06692440807819366
7050,4,54,dove_white,0.18709726631641388
7060,4,54,dove_white,0.25761106610298157
7070,4,53,dove_pink,0.0559636726975441
7080,4,54,dove_white,0.23848654329776764
7090,4,53,dove_pink,0.0990259200334549
7090,4,54,dove_white,0.07448264956474304
7110,4,54,dove_white,0.43947845697402954
7130,4,54,dove_white,0.2091313749551773
7140,4,53,dove_pink,0.19049091637134552
7140,4,54,dove_white,0.15043246746063232
7150,4,53,dove_pink,0.13950465619564056
7150,4,54,dove_white,0.10538079589605331
